question, answer,,,,
tháng 5 có bao nhiêu ngày, Tháng 5 có 31 ngày.,,,,
vi?t cho tôi hàm tr? v? t?ng 2 s? trong java, public static int sumNumbers(int a, int b) {,,,
    return a + b;,,,,,
},,,,,
vi?t cho tôi l?ch s? python, Python du?c xây d?ng b?i Guido van Rossum vào nam 1991. Chuong trình du?c t?o ra d? s? d?ng cho ngôn ng? lang l?p trình thông minh và d? s? d?ng dành cho nhà phát tri?n. Python dã du?c phát tri?n qua nh?ng nam khác nhau, các phiên b?n và các b?n c?p nh?t và tính nang m?i dã du?c thêm vào.,,,
,,,,,
Nam 1997, Python 1.6 dã du?c phát hành, phiên b?n này dã b? sung ti?n ích và các tính nang khác nhau, nhu gi?i nén n?i b?, h? tr? Unicode, qu?n lý b? nh? v?t lý và c?i ti?n yêu c?u không th? xem xét khác.
,,,,,
Python 2,0 dã du?c phát hành vào nam 2000 v?i nhi?u c?i ti?n làm cho ngôn ng? t?t hon bao g?m câu l?nh di?u khi?n l?a ch?n, da lu?ng và h? tr? mô-dun.,,,
,,,,,
Python 3,0 dã t? ch?c phát hành nam 2008 v?i nhi?u c?i ti?n du?c thêm vào ngôn ng?, bao g?m c?i ti?n yêu c?u, rút ng?n mã, d? s? d?ng hon và c?i thi?n tính nang t? do.,
,,,,,
T? dó, Python dã tr? thành jang ng? l?p trình gi?n don và d? hi?u có th? du?c s? d?ng cho các d? án web và phát tri?n ?ng d?ng máy tính. Hi?n nay, Python dang chi?m du?c m?t v? trí nhu m?t trong nh?ng ngôn ng? l?p trình ph? bi?n nh?t.,,,
vi?t nam có bao nhiêu t?nh, Vi?t Nam có 64 t?nh, thành ph? tr?c thu?c trung uong và 5 thành ph? du?c t? quy?n l?a ch?n.,,,
1 + 1 báº±ng máº¥y, 2
23 + 12 = ?, 35
45 - 12 = ?, 33
Viá»‡t Nam cÃ³ bao nhiÃªu tá»‰nh thÃ nh?, Viá»‡t Nam cÃ³ 63 tá»‰nh thÃ nh.
1 + 4 = ?, Vui lÃ²ng kiá»ƒm tra láº¡i API Key!
xin chao, Vui lÃ²ng kiá»ƒm tra láº¡i API Key!
xin chao, Xin chao!
write me a function to check prime number c++, // Function to check if a positive number is prime or not 
bool isPrime(int n) 
{ 
    // Corner cases 
    if (n <= 1)  return false; 
    if (n <= 3)  return true; 
  
    // This is checked so that we can skip  
    // middle five numbers in below loop 
    if (n%2 == 0 || n%3 == 0) return false; 
  
    for (int i=5; i*i<=n; i=i+6) 
        if (n%i == 0 || n%(i+2) == 0) 
           return false; 
  
    return true; 
}
